Game,Model,Paradigm,MAE,RMSE,MAPE,sMAPE,MASE
Counter-Strike: Global Offensive,SARIMA,Econometric,7968.89,8997.64,1.37,1.37,0.147
Counter-Strike: Global Offensive,XGBoost,Gradient Boosted ML,32862.5,40172.44,5.45,5.67,0.606
Counter-Strike: Global Offensive,LSTM,Recurrent DL,29835.28,40552.76,4.94,5.16,0.551
Counter-Strike: Global Offensive,GRU,Recurrent DL,23691.6,26655.21,4.01,4.02,0.437
Dota 2,SARIMA,Econometric,13004.39,14951.1,3.14,3.16,0.463
Dota 2,XGBoost,Gradient Boosted ML,31112.35,36959.68,7.41,7.82,1.109
Dota 2,LSTM,Recurrent DL,36388.96,43947.89,8.36,8.87,1.297
Dota 2,GRU,Recurrent DL,41033.72,50498.7,9.76,10.29,1.462
Grand Theft Auto V,SARIMA,Econometric,6223.54,8941.08,5.51,5.8,0.477
Grand Theft Auto V,XGBoost,Gradient Boosted ML,11892.76,14693.68,10.49,11.3,0.912
Grand Theft Auto V,LSTM,Recurrent DL,11575.18,14846.56,10.22,11.06,0.887
Grand Theft Auto V,GRU,Recurrent DL,12800.46,16870.55,11.22,12.37,0.981
Rust,SARIMA,Econometric,4008.22,5302.95,5.35,5.12,0.394
Rust,XGBoost,Gradient Boosted ML,5238.96,6278.87,6.59,6.75,0.515
Rust,LSTM,Recurrent DL,5631.23,7553.89,6.85,7.27,0.554
Rust,GRU,Recurrent DL,5049.29,6435.37,6.33,6.53,0.497
Team Fortress 2,SARIMA,Econometric,3561.85,5784.58,7.61,6.9,0.845
Team Fortress 2,XGBoost,Gradient Boosted ML,3628.22,5381.64,7.49,6.98,0.861
Team Fortress 2,LSTM,Recurrent DL,6521.0,8445.82,13.0,11.88,1.547
Team Fortress 2,GRU,Recurrent DL,7338.68,8776.14,14.24,13.36,1.741
Tom Clancy's Rainbow Six Siege,SARIMA,Econometric,7666.51,8940.34,9.52,9.52,0.605
Tom Clancy's Rainbow Six Siege,XGBoost,Gradient Boosted ML,10509.47,12304.99,12.3,13.17,0.83
Tom Clancy's Rainbow Six Siege,LSTM,Recurrent DL,9894.25,11796.26,11.52,12.44,0.781
Tom Clancy's Rainbow Six Siege,GRU,Recurrent DL,8973.16,10017.13,10.77,11.14,0.709
Warframe,SARIMA,Econometric,2050.94,2918.23,4.34,4.26,0.467
Warframe,XGBoost,Gradient Boosted ML,4496.11,5120.77,9.08,9.33,1.025
Warframe,LSTM,Recurrent DL,3996.54,5313.25,7.92,8.18,0.911
Warframe,GRU,Recurrent DL,4348.87,5110.52,8.88,8.93,0.991
