Rank,Model,Paradigm,Mean_MAE,Median_MAE,Mean_RMSE,Mean_MAPE,Mean_sMAPE,Mean_MASE,Best_Game_Count
1,Holt-Winters,Exponential Smoothing,8049.45,5781.39,10143.88,4.72,4.79,0.526,3
2,Ridge,Linear ML,7966.24,5149.47,9872.49,4.99,5.06,0.561,3
3,SARIMA,Econometric,11605.7,5565.8,13665.33,6.03,6.14,0.672,1
4,GRU,Recurrent DL,13018.31,7866.74,16468.7,6.82,7.03,0.776,0
5,LSTM,Recurrent DL,12998.59,8557.04,16674.17,7.13,7.49,0.802,0
6,Random Forest,Tree Ensemble ML,14184.2,7302.51,17260.98,7.45,7.86,0.832,0
7,RNN,Recurrent DL Baseline,13261.02,9092.99,16793.54,7.94,8.45,0.857,0
8,XGBoost,Gradient Boosted ML,14770.9,10062.14,17556.75,8.4,8.92,0.923,0
9,Seasonal Naive,Seasonal Baseline,19471.53,11339.65,21978.68,10.45,11.23,1.119,0
10,"ARIMA(1,1,1)",Econometric Baseline,19978.06,12486.85,23490.15,11.08,11.99,1.294,0
11,Naive,Naive Baseline,21386.35,10543.99,24870.34,11.21,12.2,1.357,0
